"","Blood1SS2","Blood1SS3","Blood1SS4","Blood1SS5","Blood1SS6","Blood2SS2","Blood2SS3","Blood2SS4","Blood2SS5","Blood2SS6","Blood3SS5","Blood3SS6"
"(Z)-3-Heptene",0,0,0,0,0,0,9.00093223395,0,0,0,0,0
"1-(2,2-Dimethylpropyl)-1,2,3,4-tetrahydroisoquinoline",0,0,0,0,0,0,0,0,0,1.3322512755,0,0
"1-Butanamine",0,0,0,0,0.4024796511,0,0,0,0,0,0,0
"1-Butanol, 3-methyl-",0.56338391515,0,0,0.0250599337666667,0.32329862875,0.01497802115,0,0,0,0,0.0682565053333333,0.569001985333333
"1-Butene, 3-methyl-",0,0,0,0,0.5192404209,0,0,0,0,0,0,0
"1-Decanol, 2-ethyl-",0.1847177542,0,0,0,0,0,0.0153598608,0,0,0,0,0
"1-Decene",0,0,0,0,0.02370316025,0,0,0,0,0,0,0
"1-Ethyl-3-methylcyclohexane (c,t)",0,0,0,0,0,0,0,0,0,0,0.00872379466666667,0
"1-Ethylcyclopentene",0,0,0,0,0,0,0.0315389806,0,0,0,0,0
"1-Heptanol",0.47823539335,0,0,0,0,0,0,0,0.00499671063333333,0,0,0
"1-Heptanol, 2-propyl-",0,0,0,0,0,0,0.01069495695,0,0,0,0,0
"1-Hepten-3-one",0.0227733909,0,0,0,0,0,0,0,0,0,0,0
"1-Heptene",0.05161290955,0,0.0279815125,0,0,0,0,0,0,0,0,0
"1-Heptene, 3-methyl-",0,0,0,0,0,0,0,0,0,0.0825344625,0,0
"1-Hexanol",0.05653681995,0,0,0,0,0,0,0,0,0,0,0
"1-Hexanol, 2-ethyl-",0.7402027838,0,0,0,0,0,0,0,0,0,0,0
"1-Hexene",0.04385207435,0,0,0,0,0,0,0,0,0,0,0
"1-Methyl-2-methylenecyclohexane",0.0381178467,0,0,0,0,0,0,0,0,0,0,0
"1-Methylbicyclo(4.4.0)decane(trans)",0,0,0,0.00585920763333333,0,0,0,0,0.0301167242,0,0.042472702,0
"1-Naphthalenol",0,0,0,0,0,0,0,0,0,0.0352769535,0,0
"1-Nonanol",4.3853080517,0,0,0,0,0,0,0,0,0.268456965,0,0
"1-Nonylcycloheptane",0,0.139949729,0,0,0,0,0.20650835415,0,0,0,0,0
"1-Octanol",0.00922305485,0,0,0,0,0,0,0,0,0,0,0
"1-Octanol, 2-butyl-",0,0,0,0,0,0,0,0,0,0,0.0101236593333333,0
"1-Octen-3-ol",0.07377407035,0,0,0,0,0,0,0,0,0,0,0
"1-Octene",0.57187500425,0,0,0,0.10171861605,0.3791867409,0,0,0,0,0,0
"1-Pentanol, 2,2,3,3,4,4,5,5-octafluoro-",0,0,0,0,0.1000758668,0,0,0,0,0,0,0
"1-Pentene, 2,4,4-trimethyl-",0,0,0,0,0,0,0,0,0,0.1839187385,0,0
"1-Propanol",0,0,0,0,0,0.02056973815,0,0,0,0,0,0
"1-Propen-2-ol, acetate",0,0,0,0,0,0,0,0,0,0.0066521955,0,0
"1-Propen-2-ol, formate",0,0,0,0.325280212933333,0,0,0,0,0,0,0,0
"1-Propene, 2-methoxy-",0,0,0,0.0421667406,0,0,0,0,0.0278121991,0,0,0
"1,1-Dichloro-1-fluoroethane",0,0,0,0,0.10558315085,0,0,0,0,0,0,0
"1,1,1-Trifluoro-2-propanol",0.0467337058,0,0,0,0,0,0,0,0,0,0,0
"1,1'-Biphenyl, 2,2'-diethyl-",0,0,0,0,0,0.03782859895,0,0,0,0,0,0
"1,1'-Biphenyl, 2,2',5,5'-tetramethyl-",0.00238145805,0.029219297,0,0,0,0,0,0,0,0,0,0
"1,1'-Biphenyl, 4,4'-difluoro-",0,0,0,0,0.13105946205,0,0,0,0,0,0,0
"1,2-Benzenedicarboxylic acid, bis(2-methylpropyl) ester",0.13786944405,0,0,0,0,0,0,0,0,0,0,0
"1,2-Ethanediamine, N'-ethyl-N,N-dimethyl-",0,0,0,0.00546810226666667,0,0,0,0,0,0,0,0
"1,2-Ethanediol, diformate",0.00254412465,0,0,0,0,0.15075373445,0,0,0.0511563117333333,0,0,0
"1,2-Ethanediol, monoformate",0.01041276585,0,0,0,0.1440165271,0,0,0,0,0,0,0
"1,2-Propanedione, 1-phenyl-",0.4511177585,0,0,0,0.61346864385,0,0,0,0,0,0,0
"1,2,3-Trifluoro-4-trifluoromethylbenzene",0.01007883235,0,0,0,0,0,0,0,0,0,0,0
"1,3-Benzenediol, o-(2-furoyl)-o'-(2-methoxybenzoyl)-",0,0,0,0,0.02498406745,0,0,0,0,0,0,0
"1,3-Cyclohexadiene",0,0,0,0,0,0.0083404174,0,0,0,0,0,0
"1,3-Cyclopentadiene",0,0.011504317,0,0,0,0,0.0034640245,0,0,0,0,0
"1,3-Diazine",0,0,0,0,0.02213744155,0.0096014816,0.08699093995,0,0,0,0,0
"1,3-Dioxolane",0,0,0,0,0,0.1026394616,0,0,0,0,0,0
"1,3-Dioxolane-2-methanol",0,0,0,0,0.052431998,0,0,0,0,0,0,0
"1,3-Dioxolane, 2-methyl-",0.0149985932,0,0,0,0,0,0,0,0,0,0,0
"1,3-Pentadiene",0.0022236717,0,0,0,0,0,0,0,0,0,0,0
"1,3,5-Triazine",0,0,0,0,0,0.00183768025,0,0,0,0.126416998,0,0
"1,3,5-Trifluorobenzene",0,0,0,0,0.10182592695,0,0,0,0,0,0,0
"1,3,5-Trioxepane",0,0,0,0,0.04009940195,0,0,0,0,0,0,0
"1,3,6-Trioxocane, 2-methyl-",0.0149719477,0,0,0,0,0,0,0,0,0,0,0
"1,4-bis[2-(4-Methylphenyl)diazen-1-yl]piperazine",0.0040937747,0,0,0,0,0,0,0,0,0,0,0
"1,4-Dioxane, 2,5-dimethyl-",0,0.0042553885,0,0.0236138707333333,0,0,0.00493141095,0,0,0,0.0371776766666667,0
"1,4-Pentadien-3-one",0,0,0.203655610633333,0,0.25519514945,0.001242429,0,0.7623855323,0,0,0,0
"1,5-Hexadiene, 3,3,4,4-tetrafluoro-",0,0,0,0,0.02157464715,0,0,0,0,0,0,0
"1(2H)-Naphthalenone, 3,4-dihydro-3,3,6,8-tetramethyl-",0.00170785785,0,0,0,0,0,0,0,0,0,0,0
"11-Tricosene",0,0,0,0,0,0,0,0,0,0,0.00843368133333333,0
"1H-1,2,4-Triazole",0.08897015265,0,0.007266185,0,0,0,0,0,0,0,0,0
"1H-3a,7-Methanoazulene, 2,3,4,7,8,8a-hexahydro-3,6,8,8-tetramethyl-, [3R-(3α,3aβ,7β,8aα)]-",0,1.3165666605,0,0,0,0,0,0,0,0,0,0
"1H-Indene, 1-ethylidene-",0.1801113033,0,0,0,0,0,0,0,0,0.024166088,0,0
"1H-Indene, 1-ethyloctahydro-7a-methyl-, (1α,3aβ,7aα)-",0,0,0,0,0,0,0,0,0,0,0.0642951633333333,0
"1H-Indene, octahydro-, cis-",0,0,0,0,0,0,0,0,0,0,0.0934317866666667,0
"1H-Isoindole, 3-methoxy-4,7-dimethyl-",0,0,0,0,0.14899125,0,0,0,0,0,0,0
"1H-Pyrazole, 3-methyl-5-(trifluoromethyl)-",0,0,0,0.0255662225,0,0,0,0,0,0,0,0
"1H-Pyrazolo[3,4-d]pyrimidin-4-amine",0,0.0529709575,0,0,0,0,0,0,0,0,0,0
"1H-Pyrrole, 1-methyl-",0,0,0,0.226496601433333,0,0.00138231955,0.00929462885,0,0.0152273530666667,0,0,0
"1H-Pyrrole, 2-methyl-",0,0.4976856755,0,0,0,0,0,0,0,0,0,0
"1H-Pyrrole, 2,5-dimethyl-",0,0,0,0.133661916833333,0,0,0,0,0,0,0,0
"1H,1H,2H-Perfluoro-1-octene",0,0,0,0,0.0083529975,0,0,0,0,0,0,0
"2-(1-Methyl-2-propenyl)phenol",0,0,0,0,0.00979210515,0,0,0,0,0,0,0
"2-(2-Methylpropyl)-3-(1-methylethyl)pyrazine",0,0,0,0,0,0.0014267687,0.0151213154,0,0,0,0,0
"2-(2-Methylpropyl)-3,5,6-trimethylpyrazine",0,0,0,0,0,0,0.08285846115,0,0,0,0,0
"2-(Pentadec-14-en-1-yl)furan",0,0,0,0,0,0,0.0969723722,0,0,0,0.0110117303333333,0
"2-Butanol",0,0,0,0,0,0.00345871765,0.6075395232,0,0,0,0,0
"2-Butanone, 3-methyl-",0,0,0,0,0,0,0,0,0,0,0.00301046733333333,0
"2-Butanone, 3,3-dimethyl-",0.00173003555,0.287792909,0,0,0,0,0,0,0,0,0,0
"2-Butanone, 4-(dimethylamino)-3-methyl-",0,0,0,0,0,0,0.52189342125,0,0,0,0,0
"2-Butenal",0,0.0101025585,0,0,0,0,0,0,0,0,0,0
"2-Butenal, 2-ethenyl-",0.010250007,0,0,0,0,0.1024428833,0,0,0,0,0,0
"2-Butenal, 2-methyl-",0.00887771815,0,0.0409008976,0,0.0224290229,0,0.3733764686,0,0,0,0,0
"2-Butene, 1-methoxy-",0,0,0,0,0.0163562193,0,0,0,0,0.020529529,0,0
"2-Butyl-δ1-pyrroline",0,0,0,0,0,0.0062530781,0.00676571275,0,0,0,0,0
"2-Chloroethanol",0,1.1250211725,0,0,0.0250781625,0,0.75370282445,0,0,0,0,0
"2-Cyclohexen-1-one, 3-methyl-",0,0,0,0,0,0,0.00415052035,0,0,0,0,0
"2-Cyclopenten-1-one, 2-methyl-",0.00951560915,0,0,0,0.02067151955,0.0884030548,0,0,0,0,0,0
"2-Dodecanone",0.0024877059,0,0,0,0,0,0,0,0,0,0,0
"2-Ethyl-1-dodecanol",0,0,0,0,0,0,0,0,0,0,0,0.0682393813333333
"2-Ethyl-2,3-dihydro-1H-indene",0,0,0.0207952810666667,0,0,0,0,0,0,0,0,0
"2-Ethyl-6-isopropyl pyridine",0,0,0,0,0,0,0.2517416191,0,0,0,0,0
"2-Ethylacrolein",0,0,0,0,0,0.0158359869,0,0,0,0,0,0
"2-Ethylhexyl acrylate",0,0.004477772,0,0,0,0,0.0064466644,0,0,0,0,0
"2-Ethylhexyl salicylate",0,0,0,0,0,0,0,0,0,0.016056221,0,0
"2-Ethynyl pyridine",0,0,0,0.0507340604,0,0,0,0,0,0.004476829,0,0
"2-Furancarbonitrile",0.00319729775,0,0,0,0,0,0.0584858023,0,0,0,0,0
"2-Furancarboxaldehyde, 5-methyl-",0.0008281365,0,0,0.0121619878,0,0,0.1664864988,0,0,0,0,0
"2-Heptanone, 6-methyl-",0,0.6186305555,0,0,0,0.0025845853,0.67043380275,0,0,0,0,0
"2-Heptanone, 7,7,7-trichloro-",0,0,0,0,0,0.06101114845,0,0,0,0,0,0
"2-Hexanone",0.09093196215,0,0,0,0,0,0,0,0,0,0,0
"2-Hexanone, 4-methyl-",0,0,0,0,0,0,0.01252493825,0,0,0,0,0
"2-Hexanone, 5-methyl-",0,0,0,0,0,0,0.07458606985,0,0,0,0,0
"2-Hexenal",0.0146279637,0,0,0,0,0,0,0,0,0,0,0
"2-Hexene, 3-methyl-",0,0.256219599,0,0,0,0,0,0,0,0,0,0
"2-Hexene, 3,5-dimethyl-",0,0,0,0,0,0,0,0,0,0,0.0728338756666667,0
"2-Hydrazinoethanol",0,0,0,0,0,0,0,0,0.0145703258333333,0,0,0
"2-Isobutyl-3-methylpyrazine",0,0,0.00785188156666667,0,0.96341597355,0.0154946093,0.0067698911,0.00341195463333333,0.0021354685,0.009845483,0,0
"2-Isobutyl-4-methylpyridine",0,0,0,0,0,0,0.01307075535,0,0,0,0,0
"2-Isopropylpyrazine",0,0,0,0.240557129533333,0.04758502485,0,0,0,0,0,0,0
"2-Methyl-1-undecanol",0,0,0,0,0,0.00854002355,0,0,0,0,0,0
"2-Methyl-3-isopropylpyrazine",0,0,0,0,0,0.0214880348,0.0032127175,0,0.0025110786,0,0,0
"2-Naphthalenol",0.01791854805,0,0,0,0,0,0,0,0,0,0,0
"2-Nonanone",0.4946252274,0,0,0,0,0,0.8078592278,0,0,0,0,0
"2-Octanone",0,0,0,0,0.00251089645,0,0,0,0,0,0,0
"2-Octene",0,0,0,0,0,0,0,0.00941593046666667,0,0,0,0
"2-Pentanol",0.01017714575,0,0,0,0.00667580155,0.00093408835,0,0,0,0,0,0
"2-Pentanol, acetate",0,0.0604779065,0,0,0,0,0,0,0,0,0,0
"2-Pentanone, 3-methyl-",0,0,0,0,0,0,0.0144367782,0,0,0,0,1.226162544
"2-Pentenal",0.0278828486,0,0,0,0,0.00991458535,0,0,0,0,0,0
"2-Pentene",0,0.0094932965,0,0,0,0,0.41800422985,0,0,0,0,0
"2-Propanol, 1-(2-methoxypropoxy)-",0.0101775364,0,0,0,0,0,0,0,0,0,0,0
"2-Propanol, 1-butoxy-",0,0,0,0,0,0,0,0,0,0,0.0219935366666667,0
"2-Propanol, 1-methoxy-",0.0051360628,0,0,0,0,0,0,0,0,0,0,0
"2-Propanol, 1,1,1,3,3,3-hexafluoro-",0.01290929185,0,0,0,0.0242224547,0,0,0,0,0,0,0
"2-Propanol, 1,3-dichloro-",0,0,0,0,0,0,0,0,0,0.00897909,0,0
"2-Propanone, 1-hydroxy-",0.02190916145,0,0,0,0,0.0016766617,0,0,0,0,0,0
"2-Propen-1-ol",0.03677723435,0,0,0,0,0.05693884455,0,0,0,0,0,0
"2-Propenal",0,0,0,0,0,0,0,0,0,0,0.00769955666666667,0
"2-Propenenitrile",0.0123781022,0,0,0,0,0,0,0,0,0,0,0
"2-Propenoic acid, methyl ester",0,0,0,0,0,0,0,0.0150549607666667,0,0,0,0
"2-Tetradecanone",1.0724846877,0,0,0,0,0,0,0,0,0,0,0
"2-Thiophenecarboxaldehyde",0.43654020005,0,0,0,0,0,0,0,0,0,0,0
"2-Undecanethiol, 2-methyl-",0.0063334584,0,0,0,0,0,0,0,0,0,0,0
"2-Undecanone",0,0,0,0,0,0,0.0116796106,0,0,0,0,0
"2,2-Dimethoxybutane",0,0.0069877855,0,0.0090101456,0,0.08177329475,0.0258889411,0,0,0,0,0
"2,2-Dimethylindene, 2,3-dihydro-",0,0,0,0,0.00597040825,0,0.44459905625,0,0,0,0,0
"2,2,3,3-Tetrafluoro-1-propanol",0,0,0,0,0.0745166283,0,0,0,0,0,0,0
"2,2,4-Trimethyl-1,3-pentanediol diisobutyrate",0.00787412185,0,0,0,0,0,0,0,0,0,0,0
"2,2,7,7-Tetramethyloctane",0,0,0,0,0,0,0,0,0,0.2195871155,0,0
"2,2'-Difluorobiphenyl",0,0,0,0,0,0,0,0,0,0.004397654,0,0
"2,3-Dimethyl-3-heptene",0.0046094878,0,0,0,0,0,0.0013688646,0,0,0,0,0
"2,3-Hexanedione",0.5100553776,0,0,0,0,0,0,0,0,0,0,0
"2,3-Pentanedione",0,0,0,0,0,0.00513828865,0,0,0,0,0,0
"2,3,4,5-Tetrafluorobenzyl alcohol, 1-methylpropyl ether",0,0.001544686,0,0,0,0,0,0,0,0,0,0
"2,4-Dimethylfuran",0,0,0,0,0,0.00201215545,0,0,0,0,0,0
"2,4-Dimethylstyrene",0,0,0,0,0,0,0,0,0,0.0368771525,0,0
"2,4-Dithiapentane",0,0,0,0,0,0,0.00370091225,0,0,0,0,0.00763663966666667
"2,4-Imidazolidinedione, 5-methyl-5-(2-methylpropyl)-",0,0,0,0,0.00281784835,0,0,0,0,0,0,0
"2,4,5-Trifluorobenzyl alcohol, 1-methylpropyl ether",0,0,0,0,0.0122149175,0,0,0,0,0,0,0
"2,5-Furandione, 3-methyl-",0.00904450575,0,0,0,0.00072372905,0,0,0,0,0,0,0
"2,6-Difluorobenzyl bromide",0,0,0,0,0.00650897505,0,0,0,0,0,0,0
"2,6-Dimethylbicyclo[3.2.1]octane",0,0,0,0,0,0,0,0,0,0.551671876,0,0
"2,6-Lutidine",0.023205979,0.0037066985,0.00243107263333333,0.0162403453333333,0.0079310061,0.02695247955,0.02519548755,0.0355219667,0.0144173971666667,0.8328203775,0,0.00351398833333333
"2(3H)-Furanone, dihydro-4-methyl-",0,0,0,0,0.0058533483,0,0.0127014891,0,0.124203292533333,0.0062376065,0,0
"2(3H)-Furanone, dihydro-5-pentyl-",0,0,0,0,0,0.0055711858,0,0,0,0,0,0
"2(3H)-Furanone, dihydro-5-propyl-",0.0284076278,0,0,0,0,0,0,0,0,0,0,0
"2(5H)-Furanone",0.01748323015,0,0,0,0,0,0,0,0,0,0,0
"2(5H)-Furanone, 3-methyl-",0.00360390915,0,0,0,0,0,0,0,0,0,0,0
"2(5H)-Furanone, 5,5-dimethyl-",0,0,0,0,0,0,0.27816909795,0,0,0,0,0
"2H-Pyran-2-one, tetrahydro-",0.0142169767,0,0,0,0,0,0,0,0,0,0,0
"3-Buten-1-ol, 3-methyl-",0,0,0,0,0,0.00319303485,0.0123816335,0,0,0,0,0
"3-Buten-2-ol, 2-methyl-",0,0.023052564,0,0,0,0,1.3999963381,0,0,0,0,0
"3-Buten-2-one, 3-methyl-",0,0.2214736195,0,0,0,0,0.02499792135,0,0,0,0,0
"3-Carene",0.0012198373,0,0,0,0,0,0,0,0,0,0,0
"3-Ethyl-2-hexene",0,0,0,0,0,0,0,0,0,0,0,0.047616879
"3-Furaldehyde",0.00686086555,0.003987208,0,0,0,0,0,0,0,0,0,0
"3-Heptanone",0,0,0,0,0,0,0,0,0,0.009691468,0,0
"3-Heptanone, 2-methyl-",0,0,0,0,0,0,0.02494503875,0,0,0,0,0
"3-Hexanone",0,0,0,0,0,0.0041263437,0,0,0,0,0,0
"3-Hexanone, 5-methyl-",0,0,0,0,0,0,0.00350680955,0,0,0,0,0
"3-Hexen-2-one",0,0,0,0.0020486399,0,0,0,0,0,0,0,0
"3-Hexene",0,0.009407167,0,0,0,0,0.6895932576,0,0,0,0,0
"3-Hydroxy-3-methyl-2-butanone",0,0,0,0,0.0047173536,0,0,0,0,0,0,0
"3-Methylcyclopentyl acetate",0,0,0,0,0,0,0,0,0,0,0.004699888,0
"3-Methylpyridazine",0.0126314036,0,0,0,0,0,0,0,0,0,0,0
"3-Nonene",0.06590135485,0,0,0,0,0,0,0,0,0,0,0
"3-Octanone",0,0,0,0,0,0.00727847505,0.22246033925,0,0,0,0,0
"3-Octene, 2,2-dimethyl-",0.0068791463,0,0,0,0,0,0,0,0,0,0,0
"3-Octene, 4-ethyl-",0,0,0,0,0,0,0.04053042605,0,0,0,0,0
"3-Pentanone, 2-methyl-",0,0,0,0,0,0,0.0181666298,0,0,0,0,0
"3-Penten-2-one",0.0081139586,0,0,0,0.0029867161,0.0008505957,0,0,0,1.146608888,0,0
"3-Penten-2-one, 4-methyl-",0.00081496675,0,0,0,0,0,0.0067518147,0,0,0,0,0
"3-Undecene, 3-methyl-",0,0,0,0,0,0,0.0370771841,0,0,0,0,0
"3,4-Difluorobenzaldehyde",0,0,0,0,0,0,0.0018282523,0,0,0,0,0
"3,5-Difluorobenzaldehyde",0.007488864,0.0050366895,0,0,0,0,0,0,0,0,0,0
"3,5-Difluorophenol",0.00369724095,0,0,0,0,0,0,0,0,0,0,0
"3,5-Dimethylcyclopentene",0,0.0279231415,0,0,0,0,0,0,0,0,0,0
"3,5-Dithiahexanol 5,5-dioxide",0,0,0,0,0,0,0,0,0,0,0.257421834,0
"3,7-Dimethyl-2,3,3a,4,5,6-hexahydro-1-benzofuran #",0,0,0,0,0,0.0029712523,0,0,0,0,0,0
"4-Aminostyrene",0,0,0.0026421888,0,0,0,0,0,0,0,0,0
"4-Cyanocyclohexene",0.0242922998,0,0,0,0,0,0,0,0,0,0,0
"4-Cyclopentene-1,3-dione",0.0139701529,0,0,0,0,0,0,0,0,0,0,0
"4-Ethyl-2-hexene",0.00351900685,0,0,0,0,0,0,0,0,0,0,0
"4-Methylthiazole",0.00806820795,0,0,0,0,0,0.0020914901,0,0,0,0,0
"4-Piperidinone, 2,2,6,6-tetramethyl-",0,0,0,0,0,0,0,0.00425331636666667,0,0,0,0
"4-Pyridinepropanol",0,0,0,0,0.0095088579,0,0,0,0.00354797846666667,0,0,0
"4-tert-Butylcyclohexyl acetate",0.00497727415,0,0,0,0,0,0,0,0,0,0,0
"4,7-Methano-1H-inden-6-ol, 3a,4,5,6,7,7a-hexahydro-, acetate",0,0.0401378975,0,0,0,0,0,0,0,0,0,0
"4(1H)-Pyridone",0,0.0013150285,0,0,0,0,0.0595519067,0,0,0,0,0
"4(1H)-Pyrimidinone, 6-methyl-",0.0044107357,0,0,0,0,0,0,0,0,0,0,0
"5-Undecene, 4-methyl-",0,0,0,0,0.0070740595,0,0,0,0,0,0,0
"5,9-Undecadien-2-one, 6,10-dimethyl-",0,0,0,0,0.0045451945,0,0,0,0,0.0046158145,0,0.00306916866666667
"6-Dodecanol",0.06816674855,0,0,0,0,0,0,0,0,0,0.019605145,0
"7-epi-cis-sesquisabinene hydrate",0,0.002662233,0,0,0,0,0,0,0,0,0,0
"7-Heptadecyne, 17-chloro-",0,0,0,0,0.0157347905,0,0,0,0,0,0.00227550333333333,0.0445563196666667
"7-Oxabicyclo[2.2.1]heptane, 1-methyl-4-(1-methylethyl)-",0,0.0198163735,0,0,0,0,0.00428417315,0,0,0,0,0
"7-Tetradecene",0,0,0,0,0,0,0.00963323355,0,0,0,0,0
"7,11-Hexadecadienal",0,0,0,0,0,0,0,0,0,0,0.0180518843333333,0
"9-Methylbicyclo[3.3.1]nonane",0,0,0,0,0,0,0.00265328495,0,0,0,0,0
"Acetaldehyde",0,0,0,0,0,0.0063704306,0,0,0,0,0,0
"Acetaldehyde, hydroxy-",0,0,0,0,0,0.00212643685,0.00087894215,0,0,0,0,0
"Acetamide",0,0,0,0,0.01569313245,0,0.03190539765,0.00221432716666667,0,0,0,0
"Acetic acid, [(aminocarbonyl)amino]oxo-",0.00440448665,0,0,0,0,0,0,0,0,0,0,0
"Acetic acid, butyl ester",0,0,0,0,0,0,0.008838563,0,0,0,0,0
"Acetic acid, methoxy-, anhydride",0,0,0,0,0,0.0158226124,0,0,0,0,0,0
"Acetoin",0.00707496665,0,0,0,0,0,0,0,0,0,0,0
"Acetone",0,0,0,0,0,0,0.19189388235,0,0,0,0,0
"Acetonitrile, (dimethylamino)-",0,0,0,0,0,0.0005384342,0.03746137065,0,0,0,0,0
"Acetophenone, 4'-hydroxy-",0,0,0,0,0.0682611631,0,0,0,0,0,0,0
"Ammonium acetate",0.0021875192,0,0,0,0,0,0,0,0,0,0,0
"Aniline",0,0,0.0266755124666667,0,0,0,0.06041621185,0,0,0,0,0
"Anisole",0.0036077138,0,0,0,0,0,0,0,0,0,0.021572524,0
"Aziridine, 1-methyl-",0,0,0,0,0,0,0,0.0110802510666667,0,0,0,0
"Benzaldehyde, 2-hydroxy-",0.0017196436,0,0,0,0,0,0,0,0,0,0,0
"Benzaldehyde, 2-methyl-",0.00986538745,0,0,0,0,0,0,0,0,0,0,0
"Benzene",0.0090825968,0,0,0,0,0,0,0,0,0,0,0
"Benzene, (1-butylheptyl)-",0,0.221217194,0,0,0,0,0,0,0,0,0,0
"Benzene, (1-butylhexyl)-",0.0058640499,0,0,0,0,0.0117008287,0.002861045,0,0,0,0,0
"Benzene, (1-butyloctyl)-",0.0058870803,0,0,0,0,0,0,0,0.00684666293333333,0,0.0123127483333333,0
"Benzene, (1-ethylpropyl)-",0,0.0094648175,0,0,0,0,0,0,0,0,0,0
"Benzene, (1-pentyloctyl)-",0,0,0,0,0,0.0023933859,0,0,0,0,0,0
"Benzene, (1-propyldecyl)-",0,0,0,0,0,0,0,0,0,0,0,0.00612280866666667
"Benzene, (1-propyloctyl)-",0,0,0,0,0,0,0.0309332883,0,0.0137092393,0,0,0
"Benzene, (1,3-dimethylbutyl)-",0.02267283305,0,0,0,0,0,0,0,0,0,0,0
"Benzene, [1,2,2,2-tetrafluoro-1-(trifluoromethyl)ethyl]-",0,0,0,0,0.0038617943,0,0,0,0,0,0,0
"Benzene, [2,2,2-trifluoro-1-(trifluoromethyl)ethyl]-",0.0620484416,0.2631017495,0,0,0,0,0,0,0,0,0,0
"Benzene, 1-(1-methylethenyl)-2-(1-methylethyl)-",0,0,0,0,0,0,0.00241182105,0,0,0,0,0
"Benzene, 1-chloro-3-(trifluoromethyl)-",0,0.022028966,0,0,0,0,0,0,0,0,0,0
"Benzene, 1-ethenyl-2-methyl-",0,0,0,0,0,0.01031477065,0,0,0,0,0,0
"Benzene, 1-ethyl-2,4-dimethyl-",0.05692729735,0,0,0,0,0,0,0,0,0,0,0
"Benzene, 1-ethyl-3,5-dimethyl-",0,0,0,0,0,0,0,0,0,0,0.005134175,0
"Benzene, 1-ethyl-4-(1-methylethyl)-",0,0.1180495495,0,0,0,0,0,0,0,0,0,0
"Benzene, 1-methoxy-4-methyl-",0.0071561484,0,0,0,0,0,0,0,0,0,0,0
"Benzene, 1-methyl-",0,0,0.00450411433333333,0,0,0,0.0065268872,0,0,0,0,0
"Benzene, 1-methyl-4-(1-methylpropyl)-",0,0,0,0,0,0,0,0,0,0,0.0177075813333333,0
"Benzene, 1-methyl-4-butyl",0.00422050095,0,0,0,0,0,0,0,0,0,0,0
"benzene, 1,1'-(1-methylethylidene)bis[4-methyl-",0,0,0,0,0,0,0.3191362621,0,0,0,0,0
"Benzene, 1,2-dichloro-",0,0.0047156275,0,0,0,0,0,0,0,0,0,0
"Benzene, 1,2,3-trimethyl-",0.0034104009,0,0,0,0,0,0,0,0,0,0,0
"Benzene, 1,2,3,5-tetrafluoro-",0,0.0068644615,0,0,0,0,0,0,0,0,0,0
"Benzene, 1,2,4,5-tetrafluoro-3-(trifluoromethyl)-",0,0,0,0,0,0.00351070775,0,0,0,0,0,0
"Benzene, 1,2,4,5-tetramethyl-",0.00424514445,0,0,0,0,0,0,0,0,0,0,0
"Benzene, 1,3-dichloro-",0.0039043087,0,0,0,0,0,0,0,0,0,0,0
"Benzene, 1,3-diethyl-",0,0,0,0,0,0,0,0,0.0051528251,0,0,0
"Benzene, 1,3-dimethyl-5-(1-methylethyl)-",0,0,0,0,0,0,0,0,0.00710919506666667,0,0,0
"Benzene, 1,3,5-trimethyl-2-propyl-",0,0,0,0,0,0,0.0022044313,0,0,0,0,0
"Benzene, 1,4-dichloro-",0.00809634515,0,0,0,0,0,0,0,0,0,0.026529751,0
"Benzene, 2-(1,1-dimethylethyl)-1,4-dimethoxy-",0.00177149375,0,0,0,0,0,0,0,0,0,0,0
"Benzene, 2-propenyl-",0.04691268315,0,0,0,0,0,0,0,0,0,0,0
"Benzene, 4-ethenyl-1,2-dimethyl-",0.0174217228,0,0,0,0,0.0195419955,0,0,0,0,0,0
"Benzene, chloro-",0,0,0,0,0.001344171,0,0,0,0,0,0,0
"Benzene, hexyl-",0,0,0,0,0,0,0.02867647795,0,0,0,0,0
"Benzene, iodo-",0,0,0,0,0,0,0.09521855885,0,0,0,0.00270482566666667,0
"Benzene, pentyl-",0,0,0,0,0.017621238,0,0,0,0,0.0071535855,0,0.0485433866666667
"Benzene, tert-butyl-",0,0.0213813785,0,0,0,0,0.0211305078,0,0,0,0,0
"Benzeneacetonitrile, α-oxo-",0,0,0,0,0.03207788395,0,0,0,0,0,0,0
"Benzenemethanol, α,α-dimethyl-",0,0,0,0,0,0.0040934132,0,0,0.00519715836666667,0,0.004784975,0
"Benzofuran, 2-methyl-",0,0,0,0,0,0,0.0082767398,0,0,0,0,0
"Benzoic acid, 2-methyl-, anhydride",0,0,0,0,0.1557466502,0,0,0,0,0,0,0
"Benzoic acid, ethyl ester",0,0,0,0.0205186878666667,0,0,0,0,0,0,0,0
"Benzoic acid, methyl ester",0,0.216933615,0,0,0,0,0.00751188055,0,0,0,0,0
"Benzonitrile",0,0.021361884,0,0,0.00124088025,0,0.00431054555,0,0,0,0,0
"Benzoxazole",0.01499610235,0,0,0,0,0,0.03782053165,0,0,0,0,0
"Benzyl methyl sulfide",0,0,0,0,0,0,0.001405979,0,0,0,0,0
"Benzyl nitrile",0.00941863815,0,0,0,0,0,0.50605084525,0,0,0.1137424495,0,0
"Bicyclo[2.1.0]pentane, 1,4-dimethyl-",0.37734124365,0,0,0,0,0,0,0,0,0,0,0
"Bicyclo[2.2.1]heptan-2-one, 1,7,7-trimethyl-, (1S)-",0.05480652595,0,0,0,0,0,0,0,0,0,0,0
"Bicyclo[2.2.1]heptane, 2-ethyl-",0,0,0,0,0.0065681569,0,0,0,0,0.013381588,0,0
"Bicyclo[3.1.0]hex-2-ene, 2-methyl-5-(1-methylethyl)-",0,0,0,0.0380414191,0,0,0,0,0,0,0,0
"Bicyclo[3.1.1]heptan-3-one, 2,6,6-trimethyl-, (1α,2β,5α)-",0,0,0,0,0,0,0.01778820045,0,0,0,0,0
"Bicyclo[3.1.1]heptane, 6,6-dimethyl-2-methylene-, (1S)-",0,0,0.00286882136666667,0.0121349299,0,0,0,0,0,0,0.0436607273333333,0
"Bis-(ethoxycarbonyl)methoxymethyloxyiminomethane",0,0.002372686,0,0,0.00301489495,0,0,0,0,0.005879006,0,0
"Bis(dimethylamino)trifluorophosphorane",0,0,0,0,0,0,0,0,0,0,0,0.0221521373333333
"Bromoacetone",0.01374358385,0,0,0,0,0,0,0,0.0016491812,0,0,0
"Butanal",0,0.0023585125,0,0,0.07703313015,0,0,0,0,0,0,0
"Butanal, 2-methyl-",0,0,0,0,0,0.0066902568,0,0,0,0,0,0
"Butanal, 3-methyl-",0,0,0,0,0,0,0,0,0,0,0.00364943966666667,0
"Butane, 1-(ethenyloxy)-",0,0,0,0,0,0,0,0,0,0,0,0.00234753266666667
"Butane, 2-chloro-3-methyl-",0,0,0,0,0,0,0,0,0,0,0.001161112,0
"Butane, 2-methyl-",0,0,0,0,0.02052488225,0,0,0,0,0,0,0
"Butane, 2,2-dimethyl-",0.0268423942,0,0,0,0,0,0,0,0,0,0,0
"Butane, 2,2,3,3-tetramethyl-",0,0,0,0,0,0,0,0,0,0.0548043425,0,0
"Butane,1,2,4-trichloro-heptafluoro-",0,0,0,0,0,0,0,0,0,0.4155771665,0,0
"Butanenitrile",0.0057022059,0,0,0,0,0,0,0,0,0,0,0
"Butanenitrile, 2-methyl-",0,0,0.014214169,0,0,0,0.02187141545,0,0,0,0,0
"Butanenitrile, 3-methyl-",0,0,0,0.0313377339,0,0,0,0,0.169926391833333,0,0,0
"Butanoic acid, 2-methylpropyl ester",0,0.237856672,0,0,0,0,0.00960199065,0,0,0,0,0
"Butanoic acid, 2-oxo-, ethyl ester",0.0029894069,0,0,0,0,0,0,0,0,0,0,0
"Butanoic acid, 3-methyl-",0.00635082245,0,0.0766736468333333,0.00343814343333333,0.0029892642,0,0,0,0,0,0,0.0157537143333333
"Butanoic acid, 3-oxo-, 2-propenyl ester",0,0,0,0,0,0,0,0,0,0,0,0.012864297
"Butyl benzoate",0,0,0,0,0,0.00080990615,0,0,0,0,0,0
"Butyl eicosyl ether",0,0,0,0,0,0,0,0,0,0.1681974935,0,0
"Caprolactam",0,0,0,0,0.0035204532,0,0,0,0,0,0,0
"Carane, 4,5-epoxy-, trans",0,0,0,0,0,0,0.08855924855,0,0,0,0,0
"Carbamic acid, methyl ester",0.02084422185,0,0,0,0,0.01823906535,0,0,0,0,0,0
"Carbamic acid, N-[1,1-bis(trifluoromethyl)ethyl]-, 4-(1,1,3,3-tetramethylbutyl)phenyl ester",0.0021098902,0,0,0,0,0.00393681505,0,0,0,0,0,0
"Carbohydrazide",0,0,0,0,0,0.0625387974,0,0,0,0,0,0.0312508313333333
"Carbon disulfide",0,0,0,0,0.276418098,0,0,0,0,0,0,0
"Carbon Tetrachloride",0.0008371877,0,0,0,0,0,0,0,0,0,0,0
"Carbonic acid, eicosyl vinyl ester",0,0,0,0,0,0.0011390968,0.07677444425,0,0,0,0,0
"Carbonic acid, octadecyl vinyl ester",0,0,0,0,0,0,0,0,0,0,0.00896729366666667,0
"Carbonic acid, tetradecyl vinyl ester",0,0.005820938,0,0,0,0,0,0,0,0,0,0
"Carbonic acid, tridecyl vinyl ester",0,0,0,0,0,0,0.0247067516,0,0,0,0,0
"Cedrol",0,0,0,0,0,0.0069287478,0,0,0,0,0,0
"cis-2-Nonene",0,0,0,0,0,0,0,0,0,0.003412863,0,0
"cis-Dihydrocarvone",0,0,0,0,0,0,0,0,0,0.080894237,0,0
"cis,cis- and cis,trans-1,9-dimethylspiro[4.5]decane",0.0037963215,0,0,0,0,0,0,0,0,0,0,0
"Cyclobutane, (1-methylethylidene)-",0,0,0,0,0,0,0.02473081125,0,0,0,0,0
"Cyclobutane, 1,2-diethyl-, cis-",0,0,0,0,0,0,0,0,0,0.016000895,0,0
"Cyclobutanol",0,0,0,0,0,0.0030318619,0,0,0,0,0,0
"Cyclobutene, 2-propenylidene-",0,0,0,0,0,0,0.03907132135,0,0,0,0,0
"Cyclodecane",0,0,0,0,0,0,0,0,0,0,0.00491242266666667,0
"Cyclohexane",0,0,0,0.0157079369,0,0,0,0,0.0908692526333333,0,0,0
"Cyclohexane, (1-methylpropyl)-",0,0,0,0,0,0,0,0,0,0,0.0177170733333333,0
"Cyclohexane, 1-ethyl-1-methyl-",0.0023165047,0,0,0,0,0,0,0,0,0,0,0
"Cyclohexane, 1-ethyl-2-methyl-",0,0,0,0,0,0.00134973285,0,0,0,0,0,0
"Cyclohexane, 1,1-dimethyl-",0.0106299041,0,0,0,0,0,0,0,0,0,0,0
"Cyclohexane, 1,1,2,3-tetramethyl-",0,0,0,0,0,0,0.18929193715,0,0,0,0,0
"Cyclohexane, 1,1,3-trimethyl-",0,0,0,0,0,0,0,0,0.0052069639,0,0,0
"Cyclohexane, 1,2,3-trimethyl-",0,0.0164331825,0,0,0,0.00181402575,0.0074750911,0,0.0331538508333333,0.0031580735,0,0
"Cyclohexane, 1,2,4-trimethyl-",0,0,0,0,0,0,0,0,0,0,0.00986253766666667,0
"Cyclohexane, 1,3-dimethyl-, cis-",0.0163347595,0,0,0.162093314933333,0.0114865695,0,0,0,0.00253061363333333,0,0,0
"Cyclohexane, hexyl-",0,0,0,0,0,0,0.01611600085,0,0,0,0,0
"Cyclohexane, methyl-",0,0,0,0.1706630729,0,0,0,0,0,0,0,0
"Cyclohexane, methylene-",0,0,0,0,0,0.0091276714,0,0,0,0,0,0
"Cyclohexane, propyl-",0.00347028645,0,0.00849312776666667,0,0,0,0,0,0,0,0,0
"Cyclohexanol",0.00256108895,0,0,0,0,0,0,0,0,0,0.035695355,0
"Cyclohexanone, 5-methyl-2-(1-methylethylidene)-",0,0.0022651095,0,0,0,0,0.04473087645,0,0,0,0,0
"Cyclohexene",0,0.0023776315,0,0,0,0,0,0,0,0,0,0
"Cyclohexene, 3-methyl-",0.0019732314,0,0,0,0,0.00140795015,0,0,0,0,0,0
"Cyclohexene, 3,3,5-trimethyl-",0,0,0,0,0,0,0,0,0,0.0062787585,0,0
"Cyclohexene, 3,5,5-trimethyl-",0,0,0,0,0,0,0,0,0,0.0912433,0,0.044857815
"Cyclohexene, 4-bromo-",0,0.0195314475,0,0,0,0,0,0,0,0,0,0
"Cyclopentane, 1-methyl-3-(1-methylethyl)-",0,0.0082398,0,0,0,0,0,0,0,0,0,0
"Cyclopentane, 1-methyl-3-(2-methylpropyl)-",0,0,0,0,0,0.00124375855,0,0,0,0,0,0
"Cyclopentane, 1,2-dimethyl-3-(1-methylethyl)-",0,0.008036071,0,0,0,0,0,0,0,0,0,0
"Cyclopentane, hexyl-",0,0.0193287945,0,0,0,0,0.0036603514,0,0,0,0,0
"Cyclopentanone",0,0,0,0,0,0,0,0,0,0,0.00274548733333333,0
"Cyclopentanone, 2-methyl-",0.0024429172,0,0,0,0,0,0,0,0,0.0235063995,0,0
"Cyclopentanone, 3-methyl-",0.0016910163,0.0088334345,0,0,0,0,0,0,0,0,0,0
"Cyclopentene",0.00226474445,0,0,0,0,0.0072700822,0,0,0,0,0,0
"Cyclopentene, 3-ethyl-",0,0,0,0,0.0660845636,0,0,0,0,0,0,0
"Cyclopentene, 3-methyl-",0.00580682575,0,0,0,0,0.00077893945,0,0,0,0,0.00937208733333333,0
"Cyclopentene, 4,4-dimethyl-",0.00645948295,0,0,0,0,0,0,0,0,0,0,0
"Cyclopropane, ethyl-",0.0117285787,0,0,0,0,0,0.1455475913,0,0,0,0,0
"Cyclopropane, ethylidene-",0,0,0,0,0.01590475435,0.0026585916,0,0,0,0,0,0
"Cyclopropanecarboxylic acid, 1-amino-",0,0,0,0,0,0,0.12773885815,0,0,0,0,0
"Cyclotetradecane",0,0.0492807455,0,0,0,0,0,0,0,0,0,0
"Decane, 2,5-dimethyl-",0,0,0,0,0,0,0,0,0,0.0080962235,0,0
"Decane, 2,6,8-trimethyl-",0,0,0,0,0,0,0,0,0,0,0.003820609,0
"Decane, 2,9-dimethyl-",0,0,0,0,0,0,0.0384707458,0,0,0,0,0
"Decane, 4-methyl-",0,0.116869409,0,0,0,0,0,0,0,0,0,0
"di-tert-Butyl dicarbonate",0,0,0,0,0,0,0.0037781599,0,0,0,0,0
"Di(1,2,5-oxadiazolo)[3,4-b:3,4-E]pyrazine, 4,8-diacetyl-",0.0052535147,0,0,0,0,0,0,0,0,0,0,0
"Diacetyl sulphide",0.00098981165,0,0,0,0,0,0,0,0,0,0,0
"Diazene, dimethyl-",0.00131819315,0,0,0,0,0,0,0,0,0,0,0
"Dibenzo[cd,g]indazole-3-sulfonic acid, 2,6-dihydro-6-oxo-",0.00092489895,0,0,0,0,0,0,0,0,0,0,0
"Dibutyl phthalate",0.02259612915,0,0,0,0,0,0,0,0,0,0,0
"Diethylcyanamide",0.00363292195,0,0,0,0,0,0,0,0,0,0,0
"Diisobutyl cellosolve",0,0,0,0,0,0.0034628512,0,0,0,0,0,0
"Dimethyl ether",0,0,0,0,0,0,0,0,0,0.0101882195,0,0
"Dimethyl sulfone",0,0,0,0,0,0,0,0,0,0.007610674,0.017196561,0
"Dimethyl trisulfide",0,0,0.3238571748,0.0092673198,0,0,0.00303733045,0.0112004313,0.0117602675,0.006411472,0,0.0149565016666667
"Diphenyl sulfide",0.0052071852,0,0,0,0.0018120445,0,0,0,0,0.072883186,0,0
"Disulfide, dimethyl",0,0,0,0,0.003791001,0,0,0,0,0,0,0
"DL-2,3-Butanediol",0,0,0,0,0,0.00540597285,0,0,0,0,0,0
"Dodecane",0,0,0,0,0,0,0.0240138387,0,0,0,0,0
"Dodecane, 1-iodo-",0.00167900835,0,0,0,0,0.01262041905,0,0,0,0,0,0
"Dodecane, 2-methyl-",0,0.021646993,0,0,0,0,0.00575150605,0,0,0,0,0
"Dotriacontane",0,0,0,0,0,0,0.07124577735,0,0,0,0.002918929,0
"Eicosyl heptyl ether",0,0,0,0,0,0,0,0,0,0.013858892,0,0
"Erythro-3-bromo-2-pentanol",0,0,0,0,0,0.00286752505,0,0,0,0,0,0
"Ethane, 1,1,2-trichloro-1,2,2-trifluoro-",0,0,0,0,0,0.0004385038,0,0,0,0,0,0
"Ethane, 1,2-dimethoxy-",0,0,0,0,0,0,0.0665129755,0,0,0,0,0
"Ethanol",0.00127688315,0,0,0,0,0,0,0,0,0.004219173,0,0
"Ethanol, 2-(2-butoxyethoxy)-",0.00191436785,0,0,0,0,0,0,0,0,0,0,0
"Ethanol, 2-(2-ethoxyethoxy)-",0,0,0,0,0.0179414726,0,0,0,0,0,0,0
"Ethanol, 2-(2-methoxyethoxy)-",0,0,0,0,0.00976835655,0,0,0,0,0,0,0
"Ethanol, 2-(vinyloxy)-",0,0,0,0,0.02761417845,0,0,0,0,0,0,0
"Ethanol, 2-methoxy-",0,0,0,0,0,0.04224245145,0,0,0,0,0,0
"Ethanol, 2,2,2-trifluoro-",0.320409481,0,0,0,0,0,0,0,0,0,0,0
"Ethanol, 2,2'-oxybis-",0,0,0,0,0,0.00633897805,0,0,0,0,0,0
"Ethanone, 1-(2,4-difluorophenyl)-",0,0,0,0,0.03902097235,0,0,0,0,0,0,0
"Ethanone, 1-(3,3-dimethyloxiranyl)-",0.0004775519,0,0,0,0,0,0,0,0,0,0,0
"Ethanone, 1-(4-fluorophenyl)-",0,0,0,0,0.0048250055,0,0,0,0,0,0,0
"Ethanone, 1-(4-methylphenyl)-",0.00938182765,0,0,0,0,0,0,0,0,0,0,0
"Ethanone, 1-[6-(4-methyl-1,2,5-oxadiazol-3-yl)-4H-pyrazolo[3,4-c]-1,2,5-oxadiazol-4-yl]-",0,0,0,0,0,0,0,0,0,0.0014364205,0,0
"Ethene, ethoxy-",0.05496064585,0,0,0.00350272923333333,0.012882369,0,0,0,0,0,0,0
"Ether, 1-butylvinyl methyl",0,0,0,0,0,0.0026969181,0,0,0,0,0,0
"Ethyl Acetate",0,0,0,0.00480048303333333,0,0,0,0,0.0113589372666667,0,0.0723534426666667,0
"Ethyl bromide",0,0,0,0.0410634639,0,0,0,0,0,0,0,0
"Ethyl formate",0,0.005501937,0,0.0078504717,0,0,0,0,0,0,0,0
"Eucalyptol",0,0,0,0,0,0.04877194495,0,0,0,0,0,0
"Formaldehyde",0.00494774865,0,0,0,0,0,0,0,0,0,0,0
"Formamide",0,0,0,0,0,0.00913833815,0,0,0,0,0,0
"Formamide, N-cyclohexyl-",0,0,0,0,0,0.00070683035,0,0,0,0.0618011895,0,0
"Formamide, N-methyl-",0,0,0,0,0,0.00121636755,0,0,0,0,0,0
"Formamide, N,N-dibutyl-",0.0015556546,0,0,0,0,0,0,0,0,0,0,0
"Formamide, N,N-dimethyl-",0.0012798892,0,0,0,0,0.0030607079,0,0,0,0,0,0
"Formic acid, butyl ester",0,0,0,0,0.0023339466,0,0,0,0,0.0229829495,0,0.0100183983333333
"Formic acid, chloro-, (3,4,4-trimethyl-1,2-dioxetan-3-yl)methyl ester",0,0.0308206995,0,0,0,0,0,0,0,0,0,0
"Furan",0.0150454302,0,0,0,0,0,0,0,0,0.0040985305,0,0
"Furan, 2-ethyl-5-methyl-",0,0.0104006535,0,0,0,0,0,0,0,0,0,0
"Furan, 2-propyl-",0,0,0,0,0,0.00227202845,0,0,0,0,0,0
"Furan, 2,3-dihydro-",0,0,0,0,0,0.00099612205,0,0,0,0.007098467,0,0
"Furan, 2,5-dimethyl-",0,0,0,0,0,0,0,0,0,0,0.015590083,0
"Furan, tetrahydro-2-methyl-",0,0,0,0,0,0,0,0,0,0.051016391,0,0
"Glycolaldehyde dimer",0.1026966665,0,0,0,0,0.0051990498,0,0,0,0,0,0
"Guanidine carbonate",0,0,0,0,0,0,0.03139070415,0,0,0,0,0
"Heptacosane",0.00208398205,0,0.1103514414,0,0,0,0,0,0,0,0,0
"Heptadecane",0.01788462335,0,0,0,0,0.01101572215,0,0,0,0,0,0
"Heptadecane, 2,6,10,14-tetramethyl-",0,0,0,0,0,0,0,0,0,0.0017231995,0,0
"Heptane, 2-methyl-",0,0.005129632,0,0,0,0,0.0014022026,0,0,0,0,0
"Heptane, 2,2,4,6,6-pentamethyl-",0.00107530705,0,0,0,0,0,0,0,0,0,0,0
"Heptane, 2,4-dimethyl-",0,0.002961438,0,0,0,0,0.06019632435,0,0,0,0,0
"Heptane, 2,5-dimethyl-",0.01291525545,0,0,0,0,0,0,0,0,0,0,0
"Heptane, 2,6-dimethyl-",0,0,0,0,0,0.0031200624,0,0,0,0,0,0
"Heptane, 3-ethyl-2-methyl-",0,0,0,0.0423463675333333,0,0,0,0,0,0,0,0
"Heptane, 3-methylene-",0,0,0,0,0,0,0,0,0,0.0546290485,0,0
"Heptanoic acid",0.00091135005,0,0,0,0,0,0,0,0,0,0,0
"Heptanonitrile",0,0,0,0,0,0,0.00370406435,0,0,0,0,0
"Hexane, 2,2,4-trimethyl-",0,0,0,0,0.0327968512,0,0,0,0,0,0,0
"Hexane, 2,3,5-trimethyl-",0,0,0,0,0,0,0,0,0,0,0.00803602166666667,0
"Hexane, 2,5-dimethyl-",0,0,0,0,0,0.00077255225,0.0488247587,0,0,0.0178936585,0,0
"Hexane, 3,4-bis(1,1-dimethylethyl)-2,2,5,5-tetramethyl-",0,0,0,0,0,0,0,0,0,0.006332421,0,0
"Hexane, 3,4-dimethyl-",0,0,0,0,0,0,0,0,0,0,0,0.159846563666667
"Hexane, tetradecafluoro-",0,0,0,0,0,0.041763057,0,0,0,0,0,0
"Hexanenitrile",0.01342145565,0,0.0115678648,0,0,0,0,0,0,0.331264512,0,0
"Homosalate",0,0,0,0,0,0,0,0,0,0.0255182635,0,0
"Hydrazinecarboxamide",0.0036971816,0,0,0,0,0,0,0,0,0,0,0
"Hydrogen azide",0,0,0,0,0,0,0.0327018175,0,0,0.002436881,0,0
"Hydrogen isocyanate",0,0,0,0,0,0.00311799235,0.0144032208,0,0,0.021738303,0,0
"Hydroxymethyl 2-hydroxy-2-methylpropionate",0,0,0,0,0.00844192775,0,0,0,0,0,0,0
"Indole, 3-methyl-2-(2-dimethylaminopropyl)-",0,0,0.0462734675666667,0,0,0,0,0,0,0,0,0
"Isoamyl cyanide",0,0,0,0,0,0,0.00569374655,0,0,0,0,0
"Isobutyronitrile",0.0047656542,0,0.00497621916666667,0.0328267584666667,0,0.0017185256,0,0.00987790843333333,0.0340768204666667,0,0,0
"Isopropyl palmitate",0.0025412962,0,0,0,0,0,0,0,0,0,0,0
"Isopropylcyclobutane",0,0.0750721555,0,0,0.0056605537,0,0.01554555115,0,0,0,0,0
"Isoserine",0,0,0,0,0,0,0,0,0,0.007625121,0,0
"Isothiazole",0,0,0,0,0,0,0.01691560035,0,0,0,0,0
"Isothiazole, 3-methyl-",0.0014814588,0,0,0,0,0.00592853765,0.00382408695,0,0,0,0,0
"L-Alanine, 3-sulfo-",0,0,0,0,0,0,0,0,0,0.116602266,0,0
"L-Cysteine sulfinic acid",0.0012399202,0,0,0,0,0,0,0,0,0,0,0
"Linalool",0,0,0,0,0,0,0,0,0.00447558516666667,0,0,0
"Manganese, acetylpentacarbonyl-, (OC-6-21)-",0,0,0,0.00320428003333333,0,0,0,0,0,0,0,0
"Methallyl cyanide",0.00351049455,0,0,0,0,0,0.07982741395,0.0221327214,0,0,0,0
"Methanamine, N-methyl-N-nitro-",0,0,0,0,0,0,0,0,0,0,0,0.007332651
"Methane, bromodichloro-",0,0,0,0,0.01163046775,0,0,0,0,0,0,0
"Methane, isocyanato-",0,0,0,0,0,0.00205056275,0.00322053705,0,0,0,0,0
"Methane, isothiocyanato-",0,0,0,0,0,0.01277675505,0.0025118271,0,0,0,0,0
"Methane, oxybis[dichloro-",0,0,0,0,0,0,0,0,0,0,0.022969459,0
"Methanethiol",0,0,0,0,0,0,0.00585148475,0,0,0,0,0
"Methenamine",0,0,0.00179679896666667,0.108333359533333,0,0,0.0068424665,0.425397604833333,0.0215866329333333,0,0,0
"Methyl Alcohol",0.00267504455,0,0,0,0,0,0,0,0,0,0,0
"Methyl Isobutyl Ketone",0,0.011490581,0,0,0,0,0.00176421625,0,0,0,0,0
"Methyl isobutyrate",0.00092876135,0,0,0,0,0,0,0,0,0,0,0
"Methyl isocyanide",0,0.0059003135,0,0,0,0,0.56411061345,0,0,0,0,0
"Methyl isopropyl disulphide",0,0,0,0,0,0,0.0048332412,0,0,0,0,0
"Methyl methacrylate",0.0013814688,0,0,0,0,0,0,0,0,0,0,0
"Methyl nitrite",0.00511613515,0,0,0,0,0,0,0,0,0,0,0
"Methyl vinyl ketone",0,0,0,0,0.01527562445,0,0,0,0,0,0,0
"Methylacrylonitrile",0.00934445775,0,0.0111457796,0.0381666660333333,0,0,0.02179347285,0.0063751263,0,0,0,0
"Methylal",0,0,0,0,0,0.00299257935,0,0,0,0,0,0
"Methylamine",0,0,0,0,0,0.00120702955,0,0,0,0,0,0
"Methylamine, N,N-dimethyl-",0,0,0.0014720497,0.0021484593,0,0,0.00244176705,0,0,0,0,0
"Methylene chloride",0.00254617615,0,0,0,0,0,0,0,0,0,0,0
"Methylenecyclopropane",0,0,0,0,0,0.00196703945,0,0,0,0,0,0
"Methyltartronic acid",0,0,0,0,0,0.0035657833,0,0,0,0,0,0
"Monoethanolamine",0.0040138317,0,0,0,0,0,0,0,0,0,0,0
"n-Decanoic acid",0.0056586734,0,0,0,0,0,0,0,0,0,0,0
"n-Hexyl salicylate",0.016757487,0,0,0,0,0,0,0,0,0,0,0
"N-Nitrosodimethylamine",0,0,0,0,0,0,0.09787277735,0,0,0.01066409,0,0.003192545
"N,N Dimethyl-3,4-methylenedioxyamphetamine",0,0.0902758895,0,0,0,0,0,0,0,0,0,0
"Naphthalene, 1-ethyl-",0,0,0.0335978373,0,0,0,0,0,0,0,0,0
"Naphthalene, 1,2,3,4-tetrahydro-",0,0,0,0,0,0,0,0,0,0.016653329,0,0
"Naphthalene, 1,2,3,4-tetrahydro-1-methyl-",0,0,0,0,0.0037138415,0,0,0,0,0,0,0
"Naphthalene, 1,2,3,4-tetrahydro-1,4,6-trimethyl-",0,0.053801196,0,0,0,0,0.0039454746,0,0,0,0,0
"Naphthalene, 1,2,3,4-tetrahydro-1,6-dimethyl-4-(1-methylethyl)-, (1S-cis)-",0,0.0288960045,0,0,0,0,0,0,0,0,0,0
"Naphthalene, 1,2,3,4-tetrahydro-5-methyl-",0,0,0,0,0.00712052125,0,0,0,0,0,0,0
"Naphthalene, 1,2,3,4-tetrahydro-5,6-dimethyl-",0,0.0030206855,0,0,0,0,0.06590038385,0,0,0,0,0
"Naphthalene, 1,2,3,4-tetrahydro-5,7-dimethyl-",0,0,0,0,0,0,0,0,0.0140455110333333,0,0,0
"Naphthalene, 2-methyl-",0,0,0,0,0,0,0,0,0,0,0.173000423333333,0
"Nitrous oxide",0,0,0,0,0,0.0009822278,0,0,0,0,0,0
"Nonane",0,0,0,0,0,0,0,0,0,0.118976446,0,0
"Nonane, 2-methyl-5-propyl-",0,0,0,0,0,0,0.01325691235,0,0,0,0,0
"Nonane, 2,6-dimethyl-",0.0049781905,0,0,0,0,0,0,0,0,0,0,0
"Nonane, 3-methyl-",0,0.032470568,0,0,0.00260312305,0,0.0131045806,0,0,0,0,0
"Nonanoic acid",0.00471912795,0,0,0,0,0,0,0,0,0,0,0
"Octadecane, 6-methyl-",0,0,0,0,0.0136243293,0,0,0,0,0,0,0
"Octane",0,0,0,0,0,0,0,0,0,0.0036743665,0,0
"Octane, 1-chloro-",0,0,0,0,0,0,0,0.0225900530333333,0,0,0,0
"Octane, 2-methyl-",0.00824606485,0,0,0.00437008176666667,0,0,0,0,0,0,0.0104858073333333,0
"Octane, 2,2-dimethyl-",0,0,0,0,0,0,0.0701636904,0,0,0,0,0
"Octane, 2,2,6-trimethyl-",0,0,0,0,0,0.01821035375,0,0,0,0,0,0
"Octane, 2,3,7-trimethyl-",0,0,0,0,0.00915815145,0,0,0,0,0.0017598755,0,0
"Octane, 2,5,6-trimethyl-",0,0.01194655,0,0,0,0,0.03582553755,0,0,0,0,0
"Octane, 2,6-dimethyl-",0,0,0,0.0206519994333333,0,0,0,0,0,0.0124248845,0,0
"Octane, 3-methyl-",0.00083027385,0.015622719,0,0,0,0,0,0,0,0,0,0
"Octane, 3,5-dimethyl-",0.00227090915,0,0,0,0,0,0.0259025557,0,0,0,0,0
"Octane, 4-ethyl-",0,0,0,0,0.00129193245,0,0,0,0.0062201142,0.0027053485,0.004798778,0
"Octane, 4,5-dimethyl-",0,0,0,0,0,0,0.00257832465,0,0,0,0,0
"Oxazole, 2,4-dimethyl-",0.00184454675,0,0,0,0,0,0,0,0,0,0,0
"Oxime-, methoxy-phenyl-_",0.0029360639,0,0,0,0,0,0,0,0,0,0,0
"Oxirane, 2-ethyl-2-methyl-",0,0.0156483465,0,0.0153541392333333,0,0,0.0268602002,0,0,0,0.0218875993333333,0
"Oxirane, 2-methyl-2-(1-methylethyl)-",0,0,0.0164790239666667,0,0,0,0,0,0,0,0,0
"p-Aminotoluene",0,0,0,0,0,0,0,0.0438260263333333,0,0,0,0
"p-Cresol",0.0009183544,0,0,0,0,0.0057352643,0,0,0,0,0,0
"p-Cymene",0.00116339955,0,0,0,0,0,0,0,0,0,0,0
"p-Isopropenylphenol",0,0,0,0,0.0031093987,0,0,0,0,0,0,0
"p-Xylene",0,0.008504434,0,0,0,0.02682946815,0,0,0,0,0,0
"Pentadecane, 3-methyl-",0.00118944185,0,0,0,0,0,0,0,0,0,0,0
"Pentalene, octahydro-",0,0.010460083,0,0,0,0,0.0024551105,0,0,0,0.00488707366666667,0
"Pentane",0.0008962696,0.0180539895,0,0,0.0026274961,0,0.0222517139,0,0,0,0,0.0430343316666667
"Pentane, 2-cyclopropyl-",0,0,0,0,0.00318952775,0,0,0,0,0,0,0
"Pentane, 2,2,4-trimethyl-",0,0,0,0,0,0,1.3887767045,0,0,0,0,0
"Pentane, 2,3,3-trimethyl-",0,0,0,0,0,0,0,0,0,0,0.00554265733333333,0
"Pentane, 2,4-dimethyl-",0,0,0,0,0,0,0.06470201925,0,0,0,0,0
"Pentanoic acid",0.00286552105,0,0,0,0.0306111372,0,0,0,0,0,0,0
"Pentanoic acid, 2,2,4-trimethyl-3-carboxyisopropyl, isobutyl ester",0,0.0250393535,0,0,0,0,0.0216459911,0,0,0,0,0
"Perfluorooctane",0.001122199,0,0,0,0,0,0,0,0,0,0,0
"Phenol",0,0,0,0,0,0.00120755815,0,0,0,0,0,0
"Phenol, 2-(1,1-dimethylethyl)-",0,0,0,0,0.00932075885,0,0,0,0,0,0,0
"Phenol, 2-(1,1-dimethylethyl)-4-(1,1,3,3-tetramethylbutyl)-",0,0,0,0,0,0,0,0,0,0.00146955,0,0
"Phenol, 2-ethyl-",0,0,0,0,0.007492384,0,0,0,0,0,0,0
"Phenol, 2-methyl-4-(1,1,3,3-tetramethylbutyl)-",0,0,0,0,0,0.1909491072,0,0,0,0,0,0
"Phenol, 4-(1-methylpropyl)-",0,0,0,0,0,0.00170528295,0,0,0,0,0,0
"Phenol, 4-ethyl-",0,0,0,0,0.00664670915,0,0,0,0,0,0,0
"Phenol, 4-fluoro-",0,0,0,0,0.0013816282,0,0,0,0,0,0,0
"Phenol, 4-propyl-",0,0,0,0,0.0106626962,0,0,0,0,0,0,0
"Phenol, p-tert-butyl-",0.0054122418,0,0,0,0,0,0,0,0,0,0,0
"Phenyl trifluoromethyl ether",0,0.0019147215,0,0,0,0,0.02280233025,0,0,0,0,0
"Phenylethyl Alcohol",0.0181547576,0,0,0,0,0.00566587505,0,0,0,0,0,0
"Phthalic acid, methyl 4-(2-phenylprop-2-yl)phenyl ester",0,0,0,0,0.0084993137,0,0,0,0,0,0,0
"Propan-2-ol, 1-(2-isopropyl-5-methylcyclohexyloxy)-3-(4-morpholyl)-",0,0,0,0,0,0,0,0,0,0.017780786,0,0
"Propanal",0,0,0,0,0.01185356305,0.00214395095,0,0,0,0,0,0
"Propanal, 2-methyl-",0,0,0,0.0367521403,0,0,0,0,0,0,0,0
"Propane, 1,1-dimethoxy-",0.00178867745,0,0,0,0,0.0745848281,0,0,0,0,0,0
"Propane, 2-(methylthio)-",0,0,0,0,0,0,0.04900629625,0,0,0,0,0
"Propane, 2-methyl-1-(methylthio)-",0,0,0,0,0,0,0.0114381781,0,0,0,0,0
"Propane, 2,2-dimethoxy-",0,0.0073436685,0.00113795816666667,0,0,0,0.0172647875,0.00306473183333333,0,0,0,0
"Propanedinitrile, cyclohexyl(2-methylcyclohexyl)-",0,0.0102724695,0,0,0,0,0,0,0,0,0,0
"Propanedioic acid, dimethyl ester",0.001135641,0,0,0,0,0,0,0,0,0,0,0
"Propanenitrile, 3-(dimethylamino)-",0,0,0.00551642173333333,0,0,0,0.00730736915,0,0,0,0,0
"Propanoic acid",0,0,0,0,0.0022098251,0,0,0,0,0,0,0
"Propanoic acid, 2-hydroxy-, propyl ester",0,0,0,0,0,0.00766957175,0,0,0,0,0,0
"Propanoic acid, 2-hydroxy-2-methyl-",0,0,0,0,0,0.001788469,0,0,0,0,0,0
"Propanoic acid, 2-methyl-",0,0,0.00152123033333333,0.001284631,0.00316678755,0,0,0,0,0,0,0.006803736
"Propanoic acid, 2-oxo-",0,0.0044712115,0,0,0,0,0,0,0,0,0,0
"Propylene Glycol",0,0,0,0,0,0.0005416396,0,0,0,0,0,0
"Pyrazine",0.0222043453,0,0,0.00605268186666667,0,0,0,0,0.177993465633333,0,0.00405004733333333,0
"Pyrazine, (2-methylpropyl)-",0,0,0,0,0,0,0.0281062349,0,0,0,0,0
"Pyrazine, 2-ethyl-6-methyl-",0,0,0,0.00235982273333333,0,0,0.0054291558,0,0,0,0,0
"Pyrazine, 2-methyl-5-(1-methylethyl)-",0,0,0,0,0,0,0.02240216035,0,0,0,0,0
"Pyrazine, 2,3-dimethyl-",0.05924125195,0,0,0,0,0,0,0.00715329583333333,0,0,0,0
"Pyrazine, 2,5-dimethyl-",0.00885694125,0,0.215844239066667,0,0,0.00050254535,0.0059567877,0.0490421571,0.00472050276666667,0.025634842,0,0.00239552666666667
"Pyrazine, methyl-",0.0024685234,0,0,0.124526935566667,0,0,0,0,0.145057333833333,0,0,0
"Pyrazine, trimethyl-",0,0,0,0,0,0.000752853,0.20453908495,0.00937753493333333,0.0047843136,0.0327610365,0,0
"Pyridine",0,0,0,0,0.0064533601,0.0016571343,0.018240675,0.00380014386666667,0,0.009084921,0,0.0233643546666667
"Pyridine, 2-methyl-",0.00175914245,0.003534296,0,0.0307482300666667,0.05494768035,0.00163259185,0.00369015215,0,0.00826918523333333,0,0,0.0221767363333333
"Pyridine, 2,3,6-trimethyl-",0,0,0,0,0,0,0.01236368425,0,0,0,0,0
"Pyridine, 2,4-dimethyl-",0.00264295575,0,0,0.00770283576666667,0,0.00030496495,0.0072699898,0,0,0,0,0
"Pyridine, 2,4,6-trimethyl-",0.00294200745,0,0.0015823325,0,0,0,0.0091421845,0.0556553108333333,0,0,0,0
"Pyrimidine-2,4(1H,3H)-dione, 5-amino-6-nitroso-",0.00370459065,0,0,0,0,0,0,0,0,0,0,0
"Pyrimidine, 4-methyl-",0.01814085555,0,0.00115952946666667,0,0.0400576766,0.01116839495,0.00521842085,0.128520533533333,0.0121252269333333,0.0121131915,0,0
"Pyrimidine, 4,6-dimethyl-",0,0,0,0,0,0,0,0.0033624092,0,0,0,0
"Pyrrole",0,0.087497086,0,0,0,0,0.00627522845,0,0,0,0,0
"Spiro[3.6]deca-5,7-dien-1-one,5,9,9-trimethyl",0.00059540985,0,0,0,0,0,0,0,0,0,0,0
"Succinic anhydride",0.00546764275,0,0,0,0,0,0,0,0,0,0,0
"Sulfur dioxide",0.0027662704,0,0,0,0,0,0,0,0,0,0,0
"Sulfurous acid, 2-propyl tetradecyl ester",0,0,0,0,0,0,0,0,0,0.020805631,0,0
"Sulfurous acid, dimethyl ester",0.06613257525,0,0,0,0,0.04578512735,0,0,0,0,0,0
"Tetrachloroethylene",0.3946150043,0,0,0,0,0,0,0,0,0,0,0
"Tetradecane",0.0027531222,0,0,0,0,0,0,0,0,0,0.00342278833333333,0
"Thiazole",0.00071765655,0,0,0,0,0.0021110363,0.01545138915,0.327910947633333,0,0,0,0
"Thiocyanic acid, methyl ester",0,0,0,0,0.0599763206,0.00285319635,0,0,0,0.0064627985,0,0.005083148
"Thiophene, 2-propyl-",0,0,0,0,0,0,0.00478141715,0,0,0,0,0
"Thiophene, 3-ethyl-",0,0,0,0,0,0,0,0,0,0.093029338,0,0
"Thiophene, 3-methyl-",0.0012080494,0,0,0,0,0,0,0,0,0,0,0
"Thiophene, 3,4-dimethyl-",0,0,0,0,0,0,0.0031613501,0,0,0,0,0
"trans-4a-Methyl-decahydronaphthalene",0,0,0,0,0,0.0035887621,0,0,0,0,0,0
"Tributyl phosphate",0.0040558165,0,0,0,0,0,0,0,0,0,0,0
"Trichloroethylene",0.0153526774,0,0,0,0,0,0,0,0,0,0.00441649833333333,0
"Tricyclo[2.2.1.0(2,6)]heptane, 1,7,7-trimethyl-",0,0.009192146,0,0,0,0,0.04884468665,0,0,0,0,0
"Triethylamine",0,0,0,0,0,0,0.02639157465,0,0,0,0,0
"Triethylene glycol",0.0268615569,0,0,0,0,0.0096406244,0,0,0,0,0,0
"Undecane, 2-methyl-",0,0.0071997685,0,0,0,0,0.02279924845,0,0,0,0,0
"Undecane, 3-methyl-",0,0.0411204,0,0,0,0,0.0023274406,0,0,0,0,0
"Undecane, 4,6-dimethyl-",0,0,0,0,0,0.00218041655,0,0,0,0,0.100681261666667,0
"α Isomethyl ionone",0,0,0,0,0,0,0,0,0,0,0.02326116,0
"α-Terpineol",0.0072021219,0,0,0,0,0,0,0,0,0,0,0
"β-Myrcene",0,0,0,0.00532082963333333,0,0,0,0,0,0,0.006701937,0
"β-Pinene",0,0,0,0,0,0,0.00675800835,0,0,0,0,0
"γ-Terpinene",0,0,0,0.0831777513,0,0,0,0,0,0,0.006445425,0
